<?xml version="1.0" encoding="UTF-8" standalone="yes"?>
<manifest>
  <control namespace="TextField" constructor="TextField" version="0.0.1" display-name-key="TextField" description-key="TextField description" control-type="standard" api-version="1.3.15">
    <external-service-usage enabled="false"/>
    <property name="sampleProperty" display-name-key="Property_Display_Key" description-key="Property_Desc_Key" of-type="SingleLine.Text" usage="bound" required="true"/>
    <property name="toggleColor" display-name-key="Toggle_Color_Display_Key" description-key="Toggle_Color_Desc_Key" of-type="TwoOptions" usage="bound" required="false"/>
    <property name="sampleNumber" display-name-key="Number_Display_Key" description-key="Number_Desc_Key" of-type="Whole.None" usage="bound" required="false"/>
    <property name="readOnlyFlag" display-name-key="ReadOnly_Flag_Display_Key" description-key="ReadOnly_Flag_Desc_Key" of-type="SingleLine.Text" usage="input" required="false"/>
    <resources>
      <code path="bundle.js" order="1"/>
      <css path="css/style.css" order="1"/>
    </resources>
    <feature-usage/>
    <built-by name="pac" version="1.36.3"/>
  </control>
</manifest>